,Sentiment,Score
0,Negative,0.672
1,Negative,0.176
2,Negative,0.21
3,Positive,0.48
4,Negative,0.4
5,Negative,0.545
6,Positive,0.409
7,Negative,0.236
8,Positive,0.291
9,Positive,0.13
10,Negative,0.421
11,Negative,0.282
12,Negative,0.245
13,Negative,0.16
14,Negative,0.204
15,Positive,0.149
16,Negative,0.025
17,Negative,0.314
18,Negative,0.469
19,Negative,0.133
20,Positive,0.074
21,Negative,0.15
22,Negative,0.349
23,Negative,0.301
24,Positive,0.179
25,Negative,0.25
26,Negative,0.167
27,Negative,0.137
28,Negative,0.0
29,Negative,0.0
30,Negative,0.66
31,Negative,0.416
32,Negative,0.196
33,Negative,0.683
34,Positive,0.534
35,Positive,0.249
36,Positive,0.338
37,Positive,0.11
38,Negative,0.138
39,Positive,0.416
40,Negative,0.297
41,Negative,0.203
42,Positive,0.153
43,Positive,0.204
44,Positive,0.202
45,Positive,0.226
46,Positive,0.269
47,Negative,0.131
48,Negative,0.135
49,Positive,0.739
50,Negative,0.195
51,Negative,0.0
52,Negative,0.081
53,Positive,0.228
54,Negative,0.141
55,Positive,0.558
56,Negative,0.233
57,Negative,0.381
58,Negative,0.167
59,Positive,0.145
60,Positive,0.524
61,Positive,0.156
62,Negative,0.096
63,Negative,0.138
64,Negative,0.369
65,Negative,0.145
66,Negative,0.073
67,Negative,0.037
68,Negative,0.0
69,Positive,0.355
70,Positive,0.416
71,Negative,0.0
72,Positive,0.257
73,Positive,0.328
74,Negative,0.15
75,Negative,0.062
76,Positive,0.189
77,Negative,0.191
78,Negative,0.0
79,Positive,0.228
80,Negative,0.552
81,Negative,0.216
82,Negative,0.194
83,Negative,0.091
84,Negative,0.225
85,Positive,0.081
86,Negative,0.207
87,Positive,0.669
88,Negative,0.231
89,Negative,0.29
90,Negative,0.512
91,Negative,0.277
92,Positive,0.132
93,Negative,0.113
94,Negative,0.17
95,Positive,0.296
96,Negative,0.451
97,Positive,0.219
98,Negative,0.0
99,Negative,0.0
100,Positive,0.239
101,Positive,0.116
102,Negative,0.312
103,Positive,0.091
104,Negative,0.291
105,Negative,0.242
106,Positive,0.402
107,Negative,0.221
108,Negative,0.237
109,Negative,0.195
110,Negative,0.338
111,Negative,0.429
112,Positive,0.302
113,Positive,0.283
114,Negative,0.126
115,Negative,0.0
116,Negative,0.283
117,Negative,0.144
118,Negative,0.265
119,Negative,0.307
120,Negative,0.0
121,Negative,0.176
122,Negative,0.184
123,Positive,0.149
124,Positive,0.182
125,Negative,0.136
126,Negative,0.451
127,Positive,0.126
128,Negative,0.314
129,Positive,0.485
130,Negative,0.283
131,Negative,0.302
132,Negative,0.291
133,Positive,0.337
134,Negative,0.367
135,Negative,0.492
136,Positive,0.236
137,Negative,0.158
138,Positive,0.31
139,Negative,0.226
140,Positive,0.172
141,Negative,0.13
142,Negative,0.275
143,Negative,0.126
144,Positive,0.149
145,Negative,0.158
146,Negative,0.545
147,Positive,0.197
148,Negative,0.0
149,Positive,0.169
150,Negative,0.177
151,Negative,0.544
152,Positive,0.213
153,Negative,0.272
154,Negative,0.219
155,Negative,0.296
156,Negative,0.377
157,Negative,0.206
158,Negative,0.12
159,Negative,0.336
160,Negative,0.133
161,Positive,0.193
162,Negative,0.0
163,Positive,0.075
164,Negative,0.274
165,Negative,0.147
166,Positive,0.531
167,Negative,0.333
168,Negative,0.298
169,Positive,0.7
170,Positive,0.144
171,Positive,0.444
172,Negative,0.379
173,Positive,0.426
174,Negative,0.0
175,Positive,0.132
176,Negative,0.277
177,Positive,0.275
178,Positive,0.306
179,Positive,0.395
180,Positive,0.345
181,Positive,0.297
182,Positive,0.598
183,Negative,0.061
184,Positive,0.255
185,Positive,0.272
186,Positive,0.389
187,Negative,0.0
188,Positive,0.142
189,Negative,0.05
190,Negative,0.3
191,Positive,0.175
192,Negative,0.387
193,Positive,0.246
194,Negative,0.0
195,Positive,0.095
196,Negative,0.313
197,Negative,0.106
198,Positive,0.227
199,Negative,0.214
200,Negative,0.371
201,Positive,0.309
202,Positive,0.244
203,Negative,0.219
204,Negative,0.259
205,Negative,0.28
206,Positive,0.167
207,Negative,0.265
208,Positive,0.808
209,Positive,0.22
210,Negative,0.332
211,Negative,0.267
212,Negative,0.266
213,Positive,0.249
214,Negative,0.22
215,Positive,0.098
216,Negative,0.434
217,Positive,0.398
218,Positive,0.223
219,Positive,0.189
220,Negative,0.155
221,Negative,0.516
222,Negative,0.257
223,Negative,0.251
224,Positive,0.244
225,Positive,0.132
226,Positive,0.375
227,Positive,0.428
228,Negative,0.0
229,Positive,0.214
230,Negative,0.281
231,Negative,0.159
232,Negative,0.571
233,Positive,0.184
234,Negative,0.313
235,Negative,0.231
236,Positive,0.125
237,Negative,0.394
238,Positive,0.432
239,Positive,0.127
240,Positive,0.458
241,Positive,0.262
242,Positive,0.178
243,Negative,0.238
244,Positive,0.189
245,Negative,0.227
246,Negative,0.175
247,Positive,0.091
248,Negative,0.213
249,Positive,0.508
250,Negative,0.0
251,Positive,0.756
252,Negative,0.0
253,Positive,0.288
254,Positive,0.139
255,Negative,0.0
256,Positive,0.295
257,Negative,0.0
258,Positive,0.182
259,Positive,0.84
260,Positive,0.239
261,Negative,0.0
262,Negative,0.0
263,Negative,0.368
264,Negative,0.643
265,Negative,0.311
266,Positive,0.396
267,Positive,0.167
268,Positive,0.211
269,Negative,0.074
270,Positive,0.526
271,Positive,0.259
272,Negative,0.23
273,Negative,0.267
274,Negative,0.485
275,Positive,0.357
276,Positive,0.181
277,Negative,0.161
278,Negative,0.239
279,Negative,0.47
280,Positive,0.286
281,Positive,0.209
282,Negative,0.209
283,Positive,0.505
284,Positive,0.075
285,Negative,0.089
286,Positive,0.127
287,Negative,0.0
288,Negative,0.12
289,Positive,0.663
290,Negative,0.262
291,Positive,0.199
292,Positive,0.236
293,Negative,0.254
294,Positive,0.2
295,Positive,0.101
296,Negative,0.213
297,Negative,0.0
298,Negative,0.14
299,Negative,0.4
300,Negative,0.0
301,Positive,0.143
302,Positive,0.159
303,Negative,0.512
304,Negative,0.189
305,Positive,0.166
306,Negative,0.082
307,Positive,0.312
308,Positive,0.373
309,Negative,0.127
310,Positive,0.231
311,Negative,0.104
312,Negative,0.226
313,Negative,0.167
314,Negative,0.275
315,Negative,0.0
316,Positive,0.146
317,Negative,0.157
318,Negative,0.258
319,Positive,0.522
320,Positive,0.62
321,Positive,0.462
322,Positive,0.179
323,Negative,0.422
324,Negative,0.346
325,Negative,0.35
326,Negative,0.424
327,Negative,0.256
328,Negative,0.268
329,Negative,0.0
330,Positive,0.273
331,Positive,0.192
332,Negative,0.155
333,Negative,0.218
334,Negative,0.107
335,Negative,0.302
336,Positive,0.298
337,Positive,0.417
338,Positive,0.205
339,Negative,0.05
340,Positive,0.655
341,Positive,0.068
342,Positive,0.062
343,Positive,0.623
344,Positive,0.132
345,Positive,0.255
346,Negative,0.355
347,Negative,0.076
348,Negative,0.308
349,Negative,0.383
350,Negative,0.0
351,Negative,0.256
352,Negative,0.066
353,Negative,0.0
354,Negative,0.189
355,Negative,0.0
356,Positive,0.166
357,Positive,0.2
358,Negative,0.583
359,Positive,0.23
360,Negative,0.267
361,Positive,0.234
362,Positive,0.387
363,Negative,0.0
364,Negative,0.51
365,Negative,0.157
366,Negative,0.281
367,Negative,0.27
368,Negative,0.433
369,Positive,0.4
370,Positive,0.139
371,Negative,0.172
372,Positive,0.183
373,Negative,0.297
374,Negative,0.354
375,Negative,0.128
376,Positive,0.225
377,Negative,0.175
378,Negative,0.0
379,Positive,0.093
380,Positive,0.346
381,Positive,0.169
382,Positive,0.219
383,Negative,0.447
384,Negative,0.0
385,Negative,0.0
386,Negative,0.417
387,Positive,0.112
388,Positive,0.091
389,Negative,0.1
390,Positive,0.224
391,Positive,0.735
392,Negative,0.168
393,Negative,0.315
394,Positive,0.244
395,Positive,0.189
396,Positive,0.18
397,Negative,0.0
398,Positive,0.291
399,Negative,0.429
400,Positive,0.406
401,Positive,0.218
402,Positive,0.257
403,Positive,0.295
404,Negative,0.231
405,Negative,0.221
406,Negative,0.176
407,Negative,0.227
408,Positive,0.41
409,Negative,0.167
410,Negative,0.151
411,Negative,0.276
412,Positive,0.202
413,Positive,0.219
414,Negative,0.132
415,Positive,0.137
416,Negative,0.0
417,Positive,0.275
418,Positive,0.411
419,Negative,0.298
420,Positive,0.373
421,Positive,0.792
422,Negative,0.173
423,Positive,0.272
424,Negative,0.168
425,Positive,0.184
426,Positive,0.073
427,Negative,0.328
428,Negative,0.0
429,Positive,0.176
430,Negative,0.184
431,Negative,0.0
432,Negative,0.268
433,Negative,0.443
434,Negative,0.0
435,Negative,0.28
436,Negative,0.0
437,Positive,0.19
438,Positive,0.167
439,Negative,0.241
440,Negative,0.093
441,Negative,0.242
442,Positive,0.239
443,Positive,0.168
444,Negative,0.259
445,Positive,0.403
446,Negative,0.127
447,Positive,0.658
448,Positive,0.16
449,Positive,0.318
450,Positive,0.217
451,Negative,0.245
452,Positive,0.451
453,Positive,0.11
454,Negative,0.0
455,Negative,0.173
456,Positive,0.12
457,Negative,0.087
458,Positive,0.327
459,Positive,0.115
460,Negative,0.17
461,Positive,1.0
462,Positive,0.374
463,Negative,0.257
464,Positive,0.218
465,Negative,0.096
466,Negative,0.297
467,Negative,0.176
468,Negative,0.0
469,Negative,0.308
470,Negative,0.323
471,Negative,0.026
472,Negative,0.261
473,Negative,0.16
474,Negative,0.202
475,Negative,0.203
476,Positive,0.184
477,Positive,0.364
478,Negative,0.112
479,Negative,0.477
480,Negative,0.297
481,Negative,0.0
482,Negative,0.193
483,Positive,0.381
484,Positive,0.244
485,Negative,0.171
486,Positive,0.366
487,Negative,0.0
488,Negative,0.252
489,Positive,0.32
490,Negative,0.448
491,Positive,0.094
492,Negative,0.307
493,Positive,0.659
494,Positive,0.358
495,Positive,0.398
496,Negative,0.333
497,Negative,0.532
498,Negative,0.178
499,Positive,0.185
500,Positive,0.556
501,Positive,0.241
502,Positive,0.172
503,Positive,0.304
504,Positive,0.333
505,Positive,0.247
506,Positive,0.301
507,Negative,0.049
508,Positive,0.181
509,Positive,0.225
510,Positive,0.128
511,Positive,0.662
512,Positive,0.412
513,Positive,0.5
514,Positive,0.055
515,Negative,0.363
516,Negative,0.078
517,Positive,0.686
518,Negative,0.057
519,Negative,0.283
520,Negative,0.248
521,Negative,0.183
522,Positive,0.268
523,Positive,0.744
524,Negative,0.144
525,Negative,0.105
526,Positive,0.149
527,Positive,0.284
528,Negative,0.275
529,Negative,0.444
530,Negative,0.42
531,Positive,0.526
532,Negative,0.242
533,Negative,0.05
534,Positive,0.278
535,Negative,0.383
536,Positive,0.356
537,Negative,0.118
538,Negative,0.342
539,Negative,0.0
540,Negative,0.312
541,Positive,0.089
542,Positive,0.265
543,Positive,0.24
544,Positive,0.419
545,Negative,0.107
546,Positive,0.188
547,Negative,0.247
548,Negative,0.632
549,Negative,0.25
550,Negative,0.0
551,Negative,0.201
552,Negative,0.321
553,Positive,0.247
554,Positive,0.541
555,Positive,0.366
556,Positive,0.211
557,Negative,0.294
558,Negative,0.215
559,Negative,0.407
560,Positive,0.307
561,Negative,0.0
562,Negative,0.309
563,Negative,0.197
564,Negative,0.0
565,Positive,0.174
566,Positive,0.278
567,Negative,0.0
568,Negative,0.331
569,Positive,0.231
570,Positive,0.344
571,Negative,0.296
572,Negative,0.364
573,Negative,0.246
574,Positive,0.199
575,Positive,0.152
576,Positive,0.188
577,Positive,0.189
578,Negative,0.159
579,Positive,0.463
580,Negative,0.0
581,Negative,0.285
582,Negative,0.274
583,Positive,0.284
584,Positive,0.391
585,Positive,0.294
586,Negative,0.091
587,Negative,0.267
588,Positive,0.455
589,Negative,0.056
590,Negative,0.0
591,Negative,0.215
592,Positive,0.341
593,Positive,0.288
594,Positive,0.42
595,Negative,0.0
596,Positive,0.312
597,Positive,0.409
598,Positive,0.436
599,Positive,0.267
600,Negative,0.0
601,Negative,0.173
602,Positive,0.098
603,Positive,0.272
604,Negative,0.304
605,Positive,0.189
606,Negative,0.0
607,Negative,0.0
608,Negative,0.545
609,Positive,0.382
610,Negative,0.28
611,Positive,0.333
612,Negative,0.0
613,Positive,0.643
614,Negative,0.192
615,Negative,0.135
616,Negative,0.149
617,Positive,0.313
618,Positive,0.277
619,Negative,0.0
620,Negative,0.443
621,Positive,0.35
622,Negative,0.383
623,Positive,0.423
624,Negative,0.169
625,Negative,0.0
626,Negative,0.16
627,Negative,0.189
628,Positive,0.172
629,Negative,0.0
630,Negative,0.0
631,Positive,0.103
632,Negative,0.127
633,Negative,0.116
634,Negative,0.526
635,Negative,0.0
636,Positive,0.107
637,Negative,0.441
638,Positive,0.254
639,Positive,0.335
640,Negative,0.16
641,Positive,0.677
642,Negative,0.118
643,Negative,0.365
644,Positive,0.328
645,Positive,0.316
646,Negative,0.506
647,Positive,0.215
648,Negative,0.375
649,Negative,0.0
650,Negative,0.0
651,Positive,0.344
652,Negative,0.0
653,Positive,0.691
654,Positive,0.198
655,Positive,0.219
656,Negative,0.19
657,Positive,0.639
658,Positive,0.165
659,Positive,0.216
660,Positive,0.303
661,Negative,0.0
662,Positive,0.539
663,Negative,0.0
664,Positive,0.256
665,Negative,0.0
666,Positive,0.429
667,Negative,0.0
668,Negative,0.556
669,Positive,0.231
670,Positive,0.211
671,Positive,0.568
672,Positive,0.138
673,Negative,0.0
674,Negative,0.303
675,Positive,0.112
676,Positive,0.162
677,Positive,0.141
678,Negative,0.0
679,Positive,0.355
680,Negative,0.341
681,Positive,0.087
682,Negative,0.0
683,Positive,0.612
684,Positive,0.103
685,Positive,0.429
686,Negative,0.411
687,Negative,0.246
688,Negative,0.347
689,Positive,0.197
690,Negative,0.667
691,Positive,0.412
692,Positive,0.533
693,Positive,0.282
694,Positive,0.379
695,Positive,0.567
696,Positive,0.29
697,Negative,0.665
698,Positive,0.333
699,Positive,0.617
700,Positive,0.375
701,Positive,0.316
702,Positive,0.404
703,Negative,0.137
704,Negative,0.177
705,Negative,0.0
706,Positive,0.417
707,Positive,0.158
708,Negative,0.143
709,Negative,0.512
710,Negative,0.282
711,Positive,0.245
712,Positive,0.359
713,Negative,0.218
714,Positive,0.212
715,Negative,0.351
716,Negative,0.181
717,Positive,0.223
718,Positive,0.342
719,Positive,0.212
720,Negative,0.423
721,Negative,0.218
722,Positive,0.333
723,Negative,0.119
724,Negative,0.177
725,Negative,0.0
726,Positive,0.303
727,Positive,0.168
728,Negative,0.273
729,Positive,0.087
730,Positive,0.336
731,Negative,0.254
732,Negative,0.287
733,Positive,0.296
734,Negative,0.221
735,Positive,0.21
736,Negative,0.349
737,Negative,0.319
738,Negative,0.194
739,Negative,0.363
740,Negative,0.24
741,Positive,0.15
742,Negative,0.248
743,Negative,0.0
744,Positive,0.345
745,Negative,0.0
746,Negative,0.191
747,Positive,0.273
748,Positive,0.224
749,Negative,0.418
750,Negative,0.28
751,Negative,0.156
752,Negative,0.425
753,Negative,0.204
754,Negative,0.305
755,Positive,0.243
756,Negative,0.176
757,Negative,0.516
758,Positive,0.252
759,Positive,0.25
760,Positive,0.229
761,Negative,0.238
762,Negative,0.0
763,Negative,0.0
764,Positive,0.1
765,Positive,0.15
766,Negative,0.396
767,Negative,0.141
768,Negative,0.306
769,Negative,0.801
770,Positive,0.258
771,Positive,0.273
772,Negative,0.241
773,Positive,0.252
774,Positive,0.398
775,Negative,0.0
776,Positive,0.218
777,Negative,0.621
778,Negative,0.141
779,Positive,0.236
780,Negative,0.163
781,Negative,0.0
782,Positive,0.096
783,Positive,0.3
784,Negative,0.0
785,Negative,0.251
786,Negative,0.185
787,Positive,0.415
788,Negative,0.124
789,Positive,0.388
790,Negative,0.189
791,Positive,0.296
792,Negative,0.369
793,Positive,0.159
794,Positive,0.324
795,Positive,0.455
796,Positive,0.377
797,Positive,0.116
798,Positive,0.151
799,Negative,0.0
800,Positive,0.105
801,Positive,0.262
802,Positive,0.128
803,Positive,0.828
804,Negative,0.403
805,Negative,0.0
806,Negative,0.155
807,Negative,0.577
808,Negative,0.0
809,Negative,0.64
810,Positive,0.172
811,Negative,0.18
812,Negative,0.528
813,Negative,0.525
814,Negative,0.322
815,Negative,0.228
816,Negative,0.103
817,Negative,0.224
818,Negative,0.0
819,Positive,0.682
820,Negative,0.4
821,Negative,0.178
822,Negative,0.326
823,Positive,0.429
824,Positive,0.158
825,Positive,0.344
826,Positive,0.251
827,Negative,0.161
828,Negative,0.355
829,Negative,0.0
830,Negative,0.174
831,Positive,0.286
832,Negative,0.192
833,Negative,0.32
834,Positive,0.583
835,Positive,0.239
836,Positive,0.351
837,Positive,0.304
838,Negative,0.212
839,Negative,0.2
840,Negative,0.0
841,Negative,0.333
842,Negative,0.242
843,Positive,0.66
844,Positive,0.184
845,Positive,0.334
846,Negative,0.0
847,Positive,0.098
848,Positive,0.238
849,Negative,0.296
850,Negative,0.319
851,Positive,0.642
852,Positive,0.616
853,Positive,0.583
854,Positive,0.193
855,Negative,0.261
856,Negative,0.204
857,Positive,0.338
858,Positive,0.171
859,Positive,0.345
860,Positive,0.269
861,Positive,0.31
862,Positive,0.31
863,Negative,0.214
864,Positive,0.292
865,Negative,0.174
866,Negative,0.132
867,Positive,0.384
868,Negative,0.0
869,Positive,0.145
870,Positive,0.113
871,Negative,0.133
872,Negative,0.341
873,Negative,0.312
874,Positive,0.282
875,Positive,0.294
876,Positive,0.779
877,Negative,0.0
878,Positive,0.648
879,Positive,0.435
880,Negative,0.137
881,Negative,0.07
882,Negative,0.227
883,Positive,0.232
884,Negative,0.22
885,Positive,0.196
886,Negative,0.064
887,Negative,0.4
888,Positive,0.46
889,Negative,0.0
890,Positive,0.168
891,Positive,0.36
892,Negative,0.25
893,Positive,0.18
894,Positive,0.24
895,Positive,0.162
896,Negative,0.254
897,Positive,0.352
898,Negative,0.202
899,Negative,0.356
900,Negative,0.375
901,Negative,0.375
902,Negative,0.0
903,Positive,0.403
904,Positive,0.162
905,Positive,0.162
906,Negative,0.0
907,Positive,0.337
908,Positive,0.372
909,Negative,0.156
910,Positive,0.46
911,Positive,0.934
912,Negative,0.244
913,Positive,0.151
914,Negative,0.152
915,Negative,0.257
916,Negative,0.235
917,Positive,0.562
918,Positive,0.251
919,Positive,0.373
920,Positive,0.347
921,Negative,0.0
922,Negative,0.397
923,Positive,0.253
924,Positive,0.444
925,Negative,0.103
926,Positive,0.281
927,Negative,0.16
928,Negative,0.0
929,Positive,0.232
930,Positive,0.101
931,Negative,0.141
932,Positive,0.391
933,Positive,0.316
934,Positive,0.276
935,Positive,0.162
936,Positive,0.756
937,Negative,0.112
938,Negative,0.0
939,Positive,0.363
940,Negative,0.146
941,Negative,0.228
942,Negative,0.368
943,Positive,0.223
944,Positive,0.16
945,Positive,0.114
946,Negative,0.073
947,Negative,0.0
948,Negative,0.141
949,Positive,0.711
950,Negative,0.0
951,Negative,0.0
952,Negative,0.0
953,Negative,0.205
954,Positive,0.231
955,Negative,0.0
956,Positive,0.391
957,Positive,0.255
958,Positive,0.178
959,Negative,0.081
960,Negative,0.12
961,Negative,0.111
962,Negative,0.175
963,Positive,0.378
964,Positive,0.089
965,Positive,0.132
966,Negative,0.098
967,Negative,0.21
968,Negative,0.0
969,Positive,0.127
970,Positive,0.254
971,Positive,0.235
972,Negative,0.13
973,Negative,0.316
974,Positive,0.492
975,Positive,0.129
976,Positive,0.425
977,Negative,0.355
978,Negative,0.42
979,Negative,0.212
980,Positive,0.277
981,Negative,0.265
982,Negative,0.273
983,Positive,0.294
984,Negative,0.163
985,Negative,0.175
986,Positive,0.469
987,Positive,0.193
988,Positive,0.67
989,Positive,0.292
990,Negative,0.176
991,Negative,0.397
992,Positive,0.383
993,Negative,0.207
994,Positive,0.233
995,Negative,0.181
996,Negative,0.172
997,Negative,0.541
998,Negative,0.0
999,Positive,0.296
1000,Negative,0.215
1001,Negative,0.0
1002,Negative,0.511
1003,Negative,0.0
1004,Negative,0.142
1005,Positive,0.6
1006,Positive,0.311
1007,Positive,0.337
1008,Negative,0.0
1009,Negative,0.335
1010,Positive,0.404
1011,Positive,0.41
1012,Positive,0.192
1013,Negative,0.0
1014,Positive,0.168
1015,Negative,0.137
1016,Negative,0.259
1017,Positive,0.182
1018,Negative,0.121
1019,Negative,0.372
1020,Negative,0.552
1021,Positive,0.165
1022,Positive,0.155
1023,Negative,0.314
1024,Positive,0.31
1025,Negative,0.426
1026,Positive,0.083
1027,Positive,0.193
1028,Positive,0.759
1029,Positive,0.659
1030,Positive,0.14
1031,Positive,0.206
1032,Negative,0.181
1033,Positive,0.335
1034,Positive,0.278
1035,Positive,0.17
1036,Positive,0.2
1037,Negative,0.182
1038,Positive,0.375
1039,Positive,0.404
1040,Negative,0.0
1041,Positive,0.39
1042,Negative,0.179
1043,Positive,0.48
1044,Positive,0.266
1045,Positive,0.235
1046,Negative,0.653
1047,Positive,0.193
1048,Positive,0.225
1049,Negative,0.0
1050,Negative,0.228
1051,Negative,0.479
1052,Positive,0.161
1053,Positive,0.246
1054,Negative,0.174
1055,Positive,0.343
1056,Positive,0.302
1057,Negative,0.11
1058,Positive,0.267
1059,Negative,0.312
1060,Negative,0.186
1061,Positive,0.2
1062,Negative,0.272
1063,Positive,0.197
1064,Negative,0.153
1065,Positive,0.291
1066,Positive,0.266
1067,Positive,0.438
1068,Positive,0.252
1069,Positive,0.075
1070,Negative,0.234
1071,Negative,0.0
1072,Positive,0.355
1073,Positive,0.389
1074,Negative,0.143
1075,Positive,0.229
1076,Positive,0.206
1077,Positive,0.387
1078,Positive,0.335
1079,Negative,0.164
1080,Positive,0.144
1081,Positive,0.184
1082,Negative,0.0
1083,Negative,0.487
1084,Negative,0.163
1085,Positive,0.235
1086,Positive,0.245
1087,Positive,0.263
1088,Positive,0.242
1089,Negative,0.184
1090,Positive,0.242
1091,Positive,0.382
1092,Negative,0.257
1093,Positive,0.242
1094,Negative,0.314
1095,Positive,0.18
1096,Positive,0.243
1097,Negative,0.0
1098,Negative,0.113
1099,Negative,0.288
1100,Negative,0.34
1101,Negative,0.157
1102,Negative,0.0
1103,Negative,0.271
1104,Negative,0.2
1105,Positive,0.173
1106,Positive,0.308
1107,Negative,0.18
1108,Positive,0.423
1109,Positive,0.387
1110,Positive,0.347
1111,Positive,0.271
1112,Positive,0.52
1113,Positive,0.159
1114,Negative,0.264
1115,Negative,0.232
1116,Negative,0.112
1117,Positive,0.291
1118,Positive,0.337
1119,Negative,0.1
1120,Positive,0.355
1121,Positive,0.141
1122,Negative,0.0
1123,Positive,0.152
1124,Positive,0.04
1125,Positive,0.287
1126,Negative,0.19
1127,Positive,0.273
1128,Positive,0.208
1129,Positive,0.551
1130,Positive,0.474
1131,Positive,0.258
1132,Positive,0.093
1133,Positive,0.118
1134,Positive,0.239
1135,Negative,0.259
1136,Negative,0.419
1137,Positive,0.347
1138,Positive,0.101
1139,Negative,0.415
1140,Negative,0.286
1141,Negative,0.187
1142,Positive,0.176
1143,Positive,0.113
1144,Positive,0.941
1145,Positive,0.177
1146,Negative,0.125
1147,Positive,0.034
1148,Positive,0.234
1149,Positive,0.176
1150,Positive,0.268
1151,Positive,0.48
1152,Negative,0.0
1153,Negative,0.0
1154,Negative,0.0
1155,Positive,0.384
1156,Positive,0.14
1157,Positive,0.262
1158,Positive,0.189
1159,Positive,0.062
1160,Negative,0.132
1161,Positive,0.334
1162,Positive,0.127
1163,Negative,0.313
1164,Negative,0.333
1165,Negative,0.411
1166,Negative,0.553
1167,Positive,0.292
1168,Negative,0.307
1169,Positive,0.298
1170,Positive,0.315
1171,Negative,0.216
1172,Positive,0.283
1173,Negative,0.196
1174,Positive,0.674
1175,Negative,0.327
1176,Negative,0.2
1177,Positive,0.208
1178,Negative,0.252
1179,Positive,0.44
1180,Negative,0.238
1181,Negative,0.307
1182,Positive,0.314
1183,Negative,0.0
1184,Positive,0.32
1185,Negative,0.0
1186,Positive,0.366
1187,Negative,0.15
1188,Negative,0.185
1189,Positive,0.182
1190,Negative,0.315
1191,Positive,0.173
1192,Positive,0.141
1193,Negative,0.201
1194,Positive,0.152
1195,Negative,0.0
1196,Negative,0.18
1197,Positive,0.391
1198,Positive,0.39
1199,Positive,0.21
1200,Negative,0.0
1201,Positive,0.236
1202,Negative,0.08
1203,Positive,0.47
1204,Positive,0.168
1205,Negative,0.26
1206,Positive,0.109
1207,Negative,0.212
1208,Positive,0.345
1209,Negative,0.0
1210,Positive,0.245
1211,Negative,0.365
1212,Positive,0.19
1213,Positive,0.349
1214,Positive,0.218
1215,Negative,0.186
1216,Negative,0.119
1217,Negative,0.121
1218,Negative,0.354
1219,Negative,0.0
1220,Negative,0.053
1221,Negative,0.167
1222,Positive,0.358
1223,Positive,0.105
1224,Positive,0.261
1225,Negative,0.0
1226,Positive,0.326
1227,Negative,0.0
1228,Negative,0.094
1229,Negative,0.0
1230,Negative,0.246
1231,Positive,0.448
1232,Positive,0.226
1233,Negative,0.271
1234,Positive,0.404
1235,Negative,0.547
1236,Negative,0.263
1237,Positive,0.145
1238,Negative,0.108
1239,Positive,0.246
1240,Positive,0.314
1241,Negative,0.42
1242,Negative,0.422
1243,Positive,0.154
1244,Negative,0.0
1245,Negative,0.0
1246,Positive,0.504
1247,Negative,0.12
1248,Positive,0.536
1249,Positive,0.05
1250,Positive,0.266
1251,Negative,0.182
1252,Positive,0.145
1253,Negative,0.207
1254,Positive,0.289
1255,Negative,0.391
1256,Negative,0.201
1257,Negative,0.0
1258,Negative,0.0
1259,Negative,0.0
1260,Negative,0.361
1261,Negative,0.23
1262,Negative,0.116
1263,Negative,0.252
1264,Negative,0.244
1265,Positive,0.083
1266,Negative,0.198
1267,Negative,0.208
1268,Negative,0.131
1269,Positive,0.338
1270,Positive,0.433
1271,Negative,0.0
1272,Negative,0.22
1273,Negative,0.205
1274,Negative,0.311
1275,Negative,0.0
1276,Positive,0.317
1277,Positive,0.247
1278,Positive,0.155
1279,Positive,0.253
1280,Negative,0.19
1281,Negative,0.231
1282,Positive,0.2
1283,Positive,0.435
1284,Negative,0.334
1285,Negative,0.252
1286,Negative,0.215
1287,Positive,0.521
1288,Negative,0.372
1289,Negative,0.187
1290,Negative,0.192
1291,Negative,0.339
1292,Positive,0.316
1293,Negative,0.191
1294,Negative,0.223
1295,Negative,0.158
1296,Negative,0.164
1297,Negative,0.271
1298,Negative,0.342
1299,Positive,0.191
1300,Negative,0.338
1301,Positive,0.182
1302,Positive,0.174
1303,Positive,0.21
1304,Negative,0.234
1305,Negative,0.0
1306,Negative,0.268
1307,Negative,0.175
1308,Positive,0.04
1309,Negative,0.0
1310,Positive,0.249
1311,Positive,0.219
1312,Positive,0.244
1313,Positive,0.441
1314,Negative,0.177
1315,Negative,0.0
1316,Negative,0.193
1317,Positive,0.281
1318,Positive,0.114
1319,Positive,0.26
1320,Negative,0.143
1321,Positive,0.2
1322,Positive,0.168
1323,Negative,0.053
1324,Negative,0.165
1325,Negative,0.268
1326,Negative,0.315
1327,Positive,0.228
1328,Positive,0.226
1329,Negative,0.172
1330,Negative,0.486
1331,Positive,0.22
1332,Positive,0.211
1333,Positive,0.073
1334,Positive,0.242
1335,Positive,0.164
1336,Negative,0.182
1337,Positive,0.134
1338,Negative,0.19
1339,Negative,0.306
1340,Positive,0.299
1341,Positive,0.158
1342,Negative,0.188
1343,Positive,0.167
1344,Positive,0.348
1345,Positive,0.21
1346,Positive,0.161
1347,Negative,0.233
1348,Positive,0.183
1349,Positive,0.174
1350,Positive,0.203
1351,Negative,0.196
1352,Negative,0.183
1353,Negative,0.229
1354,Positive,0.114
1355,Positive,0.474
1356,Negative,0.221
1357,Negative,0.322
1358,Positive,0.402
1359,Negative,0.136
1360,Positive,0.32
1361,Positive,0.211
1362,Positive,0.185
1363,Negative,0.273
1364,Positive,0.293
1365,Positive,0.208
1366,Negative,0.095
1367,Positive,0.183
1368,Negative,0.0
1369,Negative,0.116
1370,Positive,0.316
1371,Negative,0.305
1372,Negative,0.435
1373,Positive,0.14
1374,Positive,0.373
1375,Negative,0.133
1376,Negative,0.429
1377,Negative,0.0
1378,Positive,0.245
1379,Positive,0.228
1380,Positive,0.121
1381,Positive,0.193
1382,Positive,0.364
1383,Positive,0.215
1384,Negative,0.142
1385,Negative,0.127
1386,Negative,0.169
1387,Negative,0.275
1388,Positive,0.32
1389,Negative,0.075
1390,Positive,0.296
1391,Positive,0.317
1392,Negative,0.194
1393,Negative,0.113
1394,Negative,0.225
1395,Positive,0.21
1396,Positive,0.241
1397,Positive,0.272
1398,Positive,0.234
1399,Negative,0.074
1400,Positive,0.242
1401,Negative,0.195
1402,Positive,0.073
1403,Positive,0.178
1404,Negative,0.202
1405,Positive,0.229
1406,Positive,0.23
1407,Negative,0.424
1408,Positive,0.217
1409,Positive,0.264
1410,Positive,0.284
1411,Positive,0.485
1412,Positive,0.132
1413,Negative,0.136
1414,Negative,0.076
1415,Negative,0.0
1416,Positive,0.194
1417,Negative,0.067
1418,Positive,0.255
1419,Positive,0.18
1420,Negative,0.328
1421,Positive,0.413
1422,Positive,0.16
1423,Negative,0.208
1424,Negative,0.0
1425,Negative,0.343
1426,Negative,0.095
1427,Positive,0.307
1428,Positive,0.249
1429,Positive,0.273
1430,Positive,0.23
1431,Positive,0.162
1432,Negative,0.369
1433,Positive,0.167
1434,Negative,0.091
1435,Negative,0.134
1436,Positive,0.174
1437,Positive,0.151
1438,Positive,0.146
1439,Negative,0.0
1440,Negative,0.137
1441,Positive,0.31
1442,Negative,0.259
1443,Negative,0.159
1444,Positive,0.261
1445,Positive,0.311
1446,Negative,0.329
1447,Positive,0.228
1448,Positive,0.19
1449,Positive,0.146
1450,Negative,0.205
1451,Negative,0.297
1452,Positive,0.166
1453,Negative,0.188
1454,Negative,0.238
1455,Negative,0.147
1456,Positive,0.282
1457,Positive,0.488
1458,Positive,0.29
1459,Negative,0.336
1460,Positive,0.353
1461,Negative,0.229
1462,Negative,0.094
1463,Negative,0.203
1464,Negative,0.375
1465,Positive,0.399
1466,Negative,0.213
1467,Positive,0.288
1468,Positive,0.301
1469,Negative,0.118
1470,Positive,0.163
1471,Positive,0.148
1472,Negative,0.186
1473,Negative,0.262
1474,Negative,0.246
1475,Positive,0.238
1476,Positive,0.157
1477,Positive,0.22
1478,Negative,0.451
1479,Negative,0.206
1480,Negative,0.436
1481,Positive,0.235
1482,Positive,0.293
1483,Negative,0.076
1484,Positive,0.17
1485,Negative,0.143
1486,Positive,0.238
1487,Positive,0.305
1488,Negative,0.282
1489,Positive,0.259
1490,Positive,0.206
1491,Positive,0.175
1492,Positive,0.25
1493,Positive,0.194
1494,Negative,0.188
1495,Positive,0.524
1496,Positive,0.152
1497,Positive,0.253
1498,Negative,0.209
1499,Negative,0.392
1500,Positive,0.142
1501,Positive,0.17
1502,Positive,0.154
1503,Negative,0.287
1504,Positive,0.443
1505,Positive,0.246
1506,Positive,0.374
1507,Negative,0.29
1508,Negative,0.098
1509,Positive,0.068
1510,Positive,0.222
1511,Positive,0.239
1512,Positive,0.167
1513,Positive,0.326
1514,Negative,0.37
1515,Negative,0.359
1516,Negative,0.225
1517,Positive,0.266
1518,Positive,0.171
1519,Negative,0.195
1520,Positive,0.394
1521,Negative,0.099
1522,Positive,0.222
1523,Positive,0.386
1524,Positive,0.143
1525,Negative,0.255
1526,Negative,0.166
1527,Negative,0.14
1528,Negative,0.166
1529,Positive,0.231
1530,Positive,0.049
1531,Negative,0.05
1532,Positive,0.199
1533,Negative,0.178
1534,Positive,0.233
1535,Positive,0.25
1536,Positive,0.319
1537,Positive,0.223
1538,Positive,0.204
1539,Negative,0.33
1540,Negative,0.346
1541,Positive,0.274
1542,Positive,0.255
1543,Positive,0.174
1544,Negative,0.0
1545,Negative,0.214
1546,Positive,0.107
1547,Positive,0.231
1548,Positive,0.18
1549,Positive,0.259
1550,Negative,0.375
1551,Negative,0.071
1552,Positive,0.34
1553,Positive,0.137
1554,Positive,0.255
1555,Negative,0.073
1556,Positive,0.162
1557,Positive,0.335
1558,Negative,0.189
1559,Negative,0.378
1560,Negative,0.121
1561,Negative,0.238
1562,Positive,0.221
1563,Positive,0.249
1564,Positive,0.224
1565,Negative,0.105
1566,Negative,0.241
1567,Positive,0.364
1568,Negative,0.2
1569,Negative,0.208
1570,Positive,0.211
1571,Positive,0.12
1572,Positive,0.087
1573,Positive,0.123
1574,Negative,0.0
1575,Negative,0.384
1576,Negative,0.337
1577,Positive,0.151
1578,Positive,0.422
1579,Negative,0.0
1580,Positive,0.119
1581,Positive,0.155
1582,Negative,0.587
1583,Negative,0.1
1584,Positive,0.112
1585,Positive,0.36
1586,Positive,0.253
1587,Positive,0.406
1588,Negative,0.155
1589,Negative,0.409
1590,Positive,0.136
1591,Positive,0.474
1592,Positive,0.223
1593,Positive,0.192
1594,Positive,0.242
1595,Negative,0.0
1596,Positive,0.357
1597,Negative,0.607
1598,Negative,0.382
1599,Positive,0.25
1600,Positive,0.116
1601,Positive,0.203
1602,Negative,0.162
1603,Positive,0.356
1604,Positive,0.347
1605,Positive,0.392
1606,Positive,0.231
1607,Positive,0.162
1608,Negative,0.333
1609,Negative,0.202
1610,Negative,0.325
1611,Negative,0.348
1612,Positive,0.346
1613,Negative,0.239
1614,Positive,0.244
1615,Negative,0.079
1616,Positive,0.348
1617,Positive,0.225
1618,Negative,0.187
1619,Negative,0.0
1620,Positive,0.146
1621,Negative,0.142
1622,Negative,0.139
1623,Negative,0.247
1624,Negative,0.382
1625,Negative,0.27
1626,Negative,0.279
1627,Negative,0.185
1628,Positive,0.174
1629,Positive,0.23
1630,Negative,0.179
1631,Positive,0.066
1632,Positive,0.282
1633,Negative,0.417
1634,Positive,0.363
1635,Negative,0.089
1636,Negative,0.167
1637,Positive,0.573
1638,Positive,0.188
1639,Positive,0.253
1640,Positive,0.351
1641,Positive,0.444
1642,Positive,0.242
1643,Positive,0.294
1644,Negative,0.123
1645,Positive,0.412
1646,Positive,0.168
1647,Positive,0.31
1648,Negative,0.187
1649,Negative,0.158
1650,Positive,0.249
1651,Positive,0.139
1652,Negative,0.158
1653,Positive,0.341
1654,Negative,0.175
1655,Positive,0.193
1656,Negative,0.293
1657,Negative,0.112
1658,Negative,0.249
1659,Negative,0.244
1660,Positive,0.295
1661,Negative,0.165
1662,Negative,0.351
1663,Negative,0.347
1664,Negative,0.183
1665,Negative,0.22
1666,Negative,0.0
1667,Negative,0.128
1668,Negative,0.193
1669,Negative,0.23
1670,Positive,0.212
1671,Negative,0.315
1672,Negative,0.139
1673,Negative,0.0
1674,Negative,0.155
1675,Positive,0.403
1676,Positive,0.091
1677,Negative,0.0
1678,Negative,0.16
1679,Negative,0.153
1680,Negative,0.151
1681,Positive,0.13
1682,Positive,0.204
1683,Positive,0.26
1684,Negative,0.067
1685,Negative,0.404
1686,Negative,0.149
1687,Negative,0.123
1688,Negative,0.309
1689,Positive,0.183
1690,Positive,0.165
1691,Negative,0.232
1692,Negative,0.138
1693,Negative,0.22
1694,Negative,0.247
1695,Negative,0.194
1696,Negative,0.087
1697,Negative,0.088
1698,Positive,0.157
1699,Negative,0.19
1700,Negative,0.307
1701,Negative,0.156
1702,Positive,0.14
1703,Positive,0.09
1704,Negative,0.444
1705,Positive,0.245
1706,Negative,0.069
1707,Negative,0.195
1708,Negative,0.137
1709,Positive,0.24
1710,Positive,0.093
1711,Negative,0.313
1712,Positive,0.212
1713,Negative,0.417
1714,Positive,0.107
1715,Negative,0.0
1716,Positive,0.199
1717,Positive,0.346
1718,Positive,0.075
1719,Positive,0.209
1720,Negative,0.139
1721,Positive,0.292
1722,Positive,0.259
1723,Negative,0.0
1724,Positive,0.179
1725,Negative,0.188
1726,Negative,0.229
1727,Positive,0.175
1728,Negative,0.304
1729,Positive,0.293
1730,Positive,0.121
1731,Positive,0.245
1732,Positive,0.122
1733,Negative,0.112
1734,Negative,0.152
1735,Positive,0.254
1736,Negative,0.125
1737,Positive,0.225
1738,Negative,0.253
1739,Positive,0.167
1740,Positive,0.122
1741,Positive,0.311
1742,Positive,0.174
1743,Negative,0.379
1744,Negative,0.227
1745,Negative,0.187
1746,Negative,0.126
1747,Positive,0.567
1748,Negative,0.061
1749,Negative,0.189
1750,Negative,0.134
1751,Positive,0.18
1752,Negative,0.3
1753,Positive,0.208
1754,Negative,0.126
1755,Positive,0.257
1756,Negative,0.251
1757,Negative,0.336
1758,Positive,0.153
1759,Negative,0.279
1760,Positive,0.093
1761,Negative,0.082
1762,Positive,0.351
1763,Positive,0.06
1764,Negative,0.266
1765,Negative,0.0
1766,Negative,0.198
1767,Positive,0.323
1768,Positive,0.135
1769,Negative,0.126
1770,Positive,0.641
1771,Negative,0.259
1772,Negative,0.355
1773,Positive,0.181
1774,Negative,0.171
1775,Positive,0.096
1776,Negative,0.0
1777,Positive,0.154
1778,Positive,0.218
1779,Positive,0.161
1780,Negative,0.202
1781,Negative,0.221
1782,Positive,0.211
1783,Negative,0.43
1784,Negative,0.092
1785,Positive,0.125
1786,Positive,0.176
1787,Positive,0.701
1788,Negative,0.25
1789,Negative,0.0
1790,Negative,0.0
1791,Negative,0.325
1792,Negative,0.382
1793,Positive,0.17
1794,Negative,0.321
1795,Negative,0.261
1796,Positive,0.268
1797,Positive,0.162
1798,Positive,0.303
1799,Negative,0.41
1800,Positive,0.251
1801,Negative,0.151
1802,Negative,0.141
1803,Negative,0.0
1804,Positive,0.36
1805,Positive,0.272
1806,Negative,0.579
1807,Negative,0.196
1808,Negative,0.447
1809,Negative,0.14
1810,Positive,0.322
1811,Positive,0.16
1812,Negative,0.207
1813,Negative,0.199
1814,Positive,0.355
1815,Positive,0.181
1816,Negative,0.252
1817,Negative,0.0
1818,Positive,0.431
1819,Negative,0.423
1820,Negative,0.148
1821,Negative,0.124
1822,Negative,0.174
1823,Negative,0.228
1824,Negative,0.227
1825,Positive,0.189
1826,Negative,0.588
1827,Negative,0.233
1828,Negative,0.144
1829,Positive,0.394
1830,Negative,0.0
1831,Negative,0.214
1832,Negative,0.097
1833,Positive,0.204
1834,Negative,0.276
1835,Negative,0.208
1836,Negative,0.23
1837,Negative,0.0
1838,Negative,0.201
1839,Positive,0.186
1840,Negative,0.169
1841,Negative,0.122
1842,Negative,0.231
1843,Positive,0.261
1844,Positive,0.326
1845,Positive,0.119
1846,Negative,0.0
1847,Positive,0.214
1848,Negative,0.384
1849,Negative,0.212
1850,Negative,0.135
1851,Negative,0.399
1852,Negative,0.111
1853,Positive,0.188
1854,Positive,0.322
1855,Positive,0.32
1856,Negative,0.304
1857,Negative,0.187
1858,Negative,0.201
1859,Negative,0.226
1860,Negative,0.196
1861,Positive,0.303
1862,Positive,0.123
1863,Negative,0.287
1864,Negative,0.0
1865,Negative,0.167
1866,Positive,0.256
1867,Negative,0.239
1868,Positive,0.253
1869,Positive,0.435
1870,Negative,0.225
1871,Negative,0.359
1872,Negative,0.255
1873,Positive,0.213
1874,Positive,0.393
1875,Positive,0.195
1876,Positive,0.193
1877,Positive,0.205
1878,Positive,0.528
1879,Positive,0.357
1880,Positive,0.244
1881,Negative,0.297
1882,Positive,0.285
1883,Negative,0.113
1884,Negative,0.265
1885,Positive,0.289
1886,Positive,0.144
1887,Positive,0.512
1888,Negative,0.318
1889,Positive,0.19
1890,Negative,0.129
1891,Negative,0.265
1892,Positive,0.411
1893,Negative,0.324
1894,Negative,0.381
1895,Positive,0.3
1896,Negative,0.0
1897,Positive,0.186
1898,Negative,0.193
1899,Negative,0.216
1900,Negative,0.045
1901,Negative,0.197
1902,Positive,0.217
1903,Positive,0.317
1904,Negative,0.0
1905,Negative,0.446
1906,Negative,0.19
1907,Positive,0.267
1908,Positive,0.272
1909,Positive,0.196
1910,Positive,0.304
1911,Negative,0.342
1912,Positive,0.322
1913,Positive,0.403
1914,Positive,0.279
1915,Positive,0.229
1916,Negative,0.153
1917,Positive,0.415
1918,Positive,0.62
1919,Negative,0.137
1920,Negative,0.172
1921,Negative,0.18
1922,Positive,0.156
1923,Positive,0.075
1924,Negative,0.147
1925,Positive,0.425
1926,Negative,0.387
1927,Negative,0.157
1928,Positive,0.262
1929,Positive,0.348
1930,Positive,0.278
1931,Negative,0.242
1932,Negative,0.394
1933,Positive,0.158
1934,Positive,0.309
1935,Negative,0.124
1936,Positive,0.275
1937,Positive,0.452
1938,Negative,0.0
1939,Positive,0.263
1940,Positive,0.229
1941,Negative,0.242
1942,Positive,0.293
1943,Positive,0.588
1944,Positive,0.155
1945,Positive,0.585
1946,Positive,0.259
1947,Positive,0.235
1948,Negative,0.217
1949,Negative,0.0
1950,Negative,0.088
1951,Positive,0.291
1952,Negative,0.091
1953,Negative,0.0
1954,Positive,0.173
1955,Negative,0.0
1956,Positive,0.339
1957,Positive,0.5
1958,Positive,0.214
1959,Negative,0.438
1960,Positive,0.219
1961,Negative,0.102
1962,Negative,0.0
1963,Negative,0.197
1964,Positive,0.319
1965,Positive,0.412
1966,Positive,0.352
1967,Negative,0.259
1968,Negative,0.365
1969,Positive,0.466
1970,Negative,0.231
1971,Positive,0.194
1972,Positive,0.205
1973,Positive,0.293
1974,Negative,0.135
1975,Negative,0.26
1976,Positive,0.299
1977,Negative,0.175
1978,Positive,0.417
1979,Positive,0.319
1980,Negative,0.101
1981,Positive,0.375
1982,Positive,0.145
1983,Negative,0.064
1984,Positive,0.362
1985,Negative,0.135
1986,Positive,0.23
1987,Positive,0.17
1988,Negative,0.117
1989,Positive,0.168
1990,Positive,0.281
1991,Positive,0.131
1992,Positive,0.263
1993,Positive,0.184
1994,Positive,0.126
1995,Positive,0.135
1996,Positive,0.512
1997,Positive,0.492
1998,Positive,0.237
1999,Positive,0.107
2000,Positive,0.302
2001,Negative,0.09
2002,Negative,0.067
2003,Positive,0.252
2004,Negative,0.389
2005,Positive,0.262
2006,Negative,0.182
2007,Negative,0.109
2008,Positive,0.133
2009,Positive,0.417
2010,Positive,0.262
2011,Positive,0.191
2012,Negative,0.249
2013,Negative,0.234
2014,Negative,0.181
2015,Positive,0.135
2016,Negative,0.323
2017,Positive,0.187
2018,Positive,0.184
2019,Negative,0.118
2020,Positive,0.19
2021,Negative,0.139
2022,Positive,0.36
2023,Negative,0.0
2024,Positive,0.122
2025,Negative,0.0
2026,Positive,0.345
2027,Negative,0.281
2028,Negative,0.292
2029,Positive,0.063
2030,Positive,0.202
2031,Negative,0.353
2032,Positive,0.143
2033,Positive,0.29
2034,Positive,0.246
2035,Positive,0.198
2036,Negative,0.145
2037,Negative,0.062
2038,Positive,0.333
2039,Positive,0.08
2040,Positive,0.452
2041,Negative,0.15
2042,Negative,0.1
2043,Negative,0.091
2044,Negative,0.192
2045,Negative,0.094
2046,Negative,0.185
2047,Negative,0.332
2048,Positive,0.177
2049,Positive,0.537
2050,Negative,0.203
2051,Negative,0.457
2052,Negative,0.152
2053,Negative,0.254
2054,Positive,0.151
2055,Positive,0.265
2056,Positive,0.251
2057,Positive,0.179
2058,Positive,0.389
2059,Positive,0.3
2060,Positive,0.208
2061,Positive,0.108
2062,Negative,0.187
2063,Positive,0.13
2064,Positive,0.112
2065,Positive,0.211
2066,Positive,0.217
2067,Positive,0.304
2068,Positive,0.107
2069,Negative,0.0
2070,Negative,0.0
2071,Negative,0.136
2072,Positive,0.296
2073,Negative,0.338
2074,Negative,0.088
2075,Positive,0.348
2076,Positive,0.166
2077,Negative,0.325
2078,Positive,0.314
2079,Positive,0.44
2080,Positive,0.121
2081,Positive,0.222
2082,Negative,0.159
2083,Negative,0.0
2084,Negative,0.524
2085,Negative,0.172
2086,Positive,0.184
2087,Positive,0.277
2088,Positive,0.124
2089,Negative,0.047
2090,Negative,0.132
2091,Negative,0.126
2092,Negative,0.224
2093,Positive,0.138
2094,Negative,0.0
2095,Positive,0.244
2096,Positive,0.452
2097,Positive,0.226
2098,Positive,0.119
2099,Negative,0.213
2100,Negative,0.201
2101,Negative,0.127
2102,Negative,0.098
2103,Positive,0.25
2104,Negative,0.199
2105,Negative,0.229
2106,Positive,0.318
2107,Negative,0.0
2108,Positive,0.195
2109,Negative,0.355
2110,Positive,0.067
2111,Negative,0.239
2112,Negative,0.278
2113,Positive,0.324
2114,Positive,0.303
2115,Negative,0.318
2116,Positive,0.307
2117,Positive,0.368
2118,Positive,0.442
2119,Negative,0.164
2120,Positive,0.244
2121,Positive,0.543
2122,Negative,0.268
2123,Positive,0.43
2124,Negative,0.203
2125,Positive,0.187
2126,Negative,0.191
2127,Negative,0.231
2128,Negative,0.293
2129,Negative,0.118
2130,Positive,0.261
2131,Positive,0.329
2132,Positive,0.64
2133,Positive,0.104
2134,Positive,0.406
2135,Negative,0.0
2136,Negative,0.0
2137,Positive,0.221
2138,Positive,0.114
2139,Negative,0.245
2140,Positive,0.169
2141,Negative,0.128
2142,Positive,0.108
2143,Positive,0.204
2144,Positive,0.139
2145,Positive,0.218
2146,Positive,0.548
2147,Negative,0.427
2148,Positive,0.218
2149,Positive,0.294
2150,Positive,0.131
2151,Negative,0.109
2152,Negative,0.0
2153,Positive,0.297
2154,Negative,0.244
2155,Positive,0.327
2156,Negative,0.246
2157,Positive,0.388
2158,Negative,0.077
2159,Positive,0.195
2160,Negative,0.258
2161,Positive,0.142
2162,Negative,0.276
2163,Positive,0.301
2164,Positive,0.143
2165,Negative,0.211
2166,Negative,0.106
2167,Negative,0.171
2168,Negative,0.071
2169,Negative,0.237
2170,Positive,0.225
2171,Positive,0.317
2172,Positive,0.114
2173,Negative,0.3
2174,Positive,0.155
2175,Negative,0.343
2176,Negative,0.328
2177,Positive,0.116
2178,Positive,0.415
2179,Negative,0.167
2180,Negative,0.286
2181,Positive,0.225
2182,Negative,0.098
2183,Positive,0.289
2184,Negative,0.157
2185,Positive,0.185
2186,Positive,0.371
2187,Negative,0.118
2188,Negative,0.0
2189,Positive,0.169
2190,Positive,0.14
2191,Negative,0.13
2192,Positive,0.56
2193,Positive,0.343
2194,Positive,0.124
2195,Positive,0.338
2196,Positive,0.39
2197,Positive,0.074
2198,Positive,0.162
2199,Negative,0.097
2200,Negative,0.0
2201,Positive,0.091
2202,Negative,0.274
2203,Negative,0.218
2204,Negative,0.0
2205,Positive,0.143
2206,Negative,0.0
2207,Negative,0.0
2208,Negative,0.356
2209,Positive,0.117
2210,Negative,0.249
2211,Positive,0.526
2212,Positive,0.324
2213,Positive,0.077
2214,Positive,0.16
2215,Negative,0.141
2216,Positive,0.073
2217,Negative,0.0
2218,Positive,0.162
2219,Positive,0.191
2220,Negative,0.154
2221,Positive,0.341
2222,Positive,0.166
2223,Negative,0.0
2224,Positive,0.216
2225,Positive,0.159
2226,Positive,0.254
2227,Positive,0.375
2228,Positive,0.216
2229,Positive,0.308
2230,Negative,0.239
2231,Negative,0.175
2232,Positive,0.207
2233,Positive,0.194
2234,Negative,0.143
2235,Negative,0.145
2236,Negative,0.0
2237,Negative,0.144
2238,Negative,0.157
2239,Positive,0.317
2240,Negative,0.232
2241,Negative,0.209
2242,Positive,0.367
2243,Positive,0.566
2244,Negative,0.0
2245,Positive,0.277
2246,Positive,0.432
2247,Positive,0.302
2248,Positive,0.495
2249,Negative,0.173
2250,Positive,0.182
2251,Positive,0.237
2252,Positive,0.381
2253,Positive,0.38
2254,Negative,0.294
2255,Positive,0.148
2256,Positive,0.412
2257,Negative,0.0
2258,Positive,0.208
2259,Positive,0.108
2260,Negative,0.095
2261,Positive,0.162
2262,Negative,0.178
2263,Positive,0.281
2264,Negative,0.273
2265,Positive,0.388
2266,Positive,0.182
2267,Positive,0.352
2268,Negative,0.07
2269,Positive,0.252
2270,Positive,0.185
2271,Positive,0.297
2272,Negative,0.0
2273,Positive,0.348
2274,Positive,0.281
2275,Negative,0.293
2276,Positive,0.216
2277,Positive,0.197
2278,Negative,0.259
2279,Negative,0.074
2280,Positive,0.139
2281,Positive,0.329
2282,Positive,0.22
2283,Negative,0.0
2284,Negative,0.0
2285,Negative,0.353
2286,Negative,0.107
2287,Positive,0.261
2288,Positive,0.048
2289,Negative,0.248
2290,Positive,0.123
2291,Negative,0.0
2292,Positive,0.271
2293,Positive,0.26
2294,Negative,0.268
2295,Positive,0.398
2296,Positive,0.2
2297,Positive,0.265
2298,Positive,0.333
2299,Positive,0.645
2300,Positive,0.492
2301,Positive,0.184
2302,Positive,0.147
2303,Positive,0.123
2304,Positive,0.133
2305,Positive,0.31
2306,Negative,0.0
2307,Negative,0.0
2308,Negative,0.0
2309,Positive,0.583
2310,Positive,0.215
2311,Positive,0.214
2312,Positive,0.268
2313,Negative,0.0
2314,Negative,0.0
2315,Negative,0.307
2316,Negative,0.322
2317,Negative,0.0
2318,Positive,0.194
2319,Positive,0.361
2320,Negative,0.0
2321,Positive,0.331
2322,Positive,0.169
2323,Positive,0.327
2324,Positive,0.583
2325,Negative,0.31
2326,Negative,0.245
2327,Negative,0.209
2328,Negative,0.208
2329,Positive,0.311
2330,Negative,0.153
2331,Negative,0.144
2332,Positive,0.153
2333,Negative,0.0
2334,Positive,0.418
2335,Positive,0.376
2336,Positive,0.282
2337,Negative,0.078
2338,Positive,0.441
2339,Positive,0.268
2340,Positive,0.247
2341,Negative,0.353
2342,Negative,0.459
2343,Positive,0.291
2344,Negative,0.271
2345,Positive,0.188
2346,Negative,0.136
2347,Positive,0.407
2348,Positive,0.496
2349,Negative,0.541
2350,Negative,0.145
2351,Positive,0.221
2352,Positive,0.148
2353,Positive,0.073
2354,Negative,0.334
2355,Positive,0.564
2356,Positive,0.227
2357,Positive,0.509
2358,Negative,0.0
2359,Negative,0.129
2360,Positive,0.326
2361,Positive,0.201
2362,Positive,0.205
2363,Positive,0.245
2364,Positive,0.246
2365,Negative,0.091
2366,Positive,0.49
2367,Negative,0.322
2368,Negative,0.0
2369,Positive,0.171
2370,Positive,0.196
2371,Negative,0.0
2372,Negative,0.243
2373,Negative,0.0
2374,Positive,0.287
2375,Negative,0.183
2376,Negative,0.102
2377,Negative,0.246
2378,Positive,0.153
2379,Positive,0.256
2380,Positive,0.143
2381,Negative,0.293
2382,Negative,0.099
2383,Negative,0.095
2384,Negative,0.098
2385,Negative,0.129
2386,Negative,0.155
2387,Positive,0.219
2388,Positive,0.419
2389,Positive,0.398
2390,Positive,0.329
2391,Positive,0.286
2392,Negative,0.236
2393,Positive,0.162
2394,Negative,0.338
2395,Positive,0.416
2396,Positive,0.142
2397,Negative,0.184
2398,Positive,0.118
2399,Negative,0.0
2400,Positive,0.215
2401,Negative,0.07
2402,Positive,0.213
2403,Positive,0.32
2404,Positive,0.248
2405,Positive,0.429
2406,Negative,0.378
2407,Positive,0.106
2408,Negative,0.256
2409,Positive,0.123
2410,Positive,0.249
2411,Positive,0.396
2412,Positive,0.189
2413,Positive,0.42
2414,Negative,0.301
2415,Positive,0.349
2416,Negative,0.0
2417,Negative,0.076
2418,Positive,0.189
2419,Negative,0.349
2420,Positive,0.573
2421,Positive,0.47
2422,Negative,0.209
2423,Positive,0.083
2424,Positive,0.112
2425,Negative,0.131
2426,Negative,0.315
2427,Negative,0.0
2428,Negative,0.229
2429,Negative,0.173
2430,Positive,0.225
2431,Negative,0.254
2432,Negative,0.0
2433,Negative,0.0
2434,Negative,0.202
2435,Positive,0.359
2436,Negative,0.066
2437,Negative,0.425
2438,Positive,0.221
2439,Negative,0.412
2440,Negative,0.0
2441,Positive,0.559
2442,Negative,0.287
2443,Negative,0.105
2444,Positive,0.135
2445,Positive,0.217
2446,Positive,0.156
2447,Negative,0.0
2448,Negative,0.524
2449,Negative,0.214
2450,Positive,0.428
2451,Negative,0.0
2452,Negative,0.189
2453,Negative,0.242
2454,Negative,0.33
2455,Negative,0.209
2456,Positive,0.464
2457,Positive,0.444
2458,Positive,0.302
2459,Positive,0.225
2460,Negative,0.158
2461,Positive,0.329
2462,Positive,0.554
2463,Negative,0.0
2464,Negative,0.0
2465,Positive,0.615
2466,Positive,0.515
2467,Positive,0.27
2468,Positive,0.212
2469,Positive,0.189
2470,Positive,0.571
2471,Positive,0.246
2472,Positive,0.531
2473,Negative,0.0
2474,Positive,0.151
2475,Positive,0.296
2476,Positive,0.119
2477,Negative,0.227
2478,Positive,0.082
2479,Positive,0.068
2480,Negative,0.139
2481,Negative,0.147
2482,Positive,0.18
2483,Negative,0.153
2484,Positive,0.129
2485,Positive,0.237
2486,Positive,0.329
2487,Positive,0.198
2488,Negative,0.158
2489,Negative,0.067
2490,Positive,0.143
2491,Negative,0.23
2492,Negative,0.0
2493,Positive,0.211
2494,Negative,0.266
2495,Positive,0.344
2496,Positive,0.545
2497,Negative,0.0
2498,Positive,0.189
2499,Positive,0.224
2500,Positive,0.128
2501,Negative,0.219
2502,Positive,0.261
2503,Positive,0.271
2504,Positive,0.268
2505,Negative,0.167
2506,Positive,0.082
2507,Positive,0.347
2508,Positive,0.068
2509,Positive,0.259
2510,Negative,0.105
2511,Positive,0.114
2512,Positive,0.12
2513,Negative,0.238
2514,Negative,0.199
2515,Negative,0.0
2516,Positive,0.207
2517,Positive,0.368
2518,Positive,0.542
2519,Negative,0.133
2520,Positive,0.152
2521,Positive,0.312
2522,Negative,0.124
2523,Negative,0.334
2524,Positive,0.163
2525,Positive,0.259
2526,Negative,0.0
2527,Positive,0.237
2528,Positive,0.265
2529,Negative,0.204
2530,Negative,0.071
2531,Negative,0.31
2532,Positive,0.3
2533,Negative,0.238
2534,Negative,0.0
2535,Negative,0.0
2536,Negative,0.154
2537,Positive,0.453
2538,Negative,0.384
2539,Negative,0.216
2540,Positive,0.565
2541,Positive,0.213
2542,Negative,0.234
2543,Positive,0.213
2544,Negative,0.205
2545,Negative,0.0
2546,Negative,0.365
2547,Positive,0.145
2548,Negative,0.146
2549,Positive,0.25
2550,Negative,0.223
2551,Negative,0.201
2552,Positive,0.268
2553,Negative,0.0
2554,Negative,0.391
2555,Negative,0.171
2556,Positive,0.265
2557,Positive,0.224
2558,Positive,0.318
2559,Positive,0.451
2560,Negative,0.0
2561,Positive,0.297
2562,Positive,0.252
2563,Negative,0.157
2564,Positive,0.19
2565,Positive,0.28
2566,Positive,0.412
2567,Positive,0.357
2568,Positive,0.141
2569,Positive,0.29
2570,Positive,0.213
2571,Negative,0.117
2572,Negative,0.159
2573,Negative,0.0
2574,Negative,0.122
2575,Positive,0.21
2576,Negative,0.318
2577,Negative,0.133
2578,Negative,0.15
2579,Positive,0.596
2580,Negative,0.0
2581,Negative,0.157
2582,Positive,0.349
2583,Negative,0.103
2584,Negative,0.118
2585,Negative,0.328
2586,Negative,0.0
2587,Negative,0.187
2588,Negative,0.406
2589,Positive,0.358
2590,Positive,0.213
2591,Positive,0.415
2592,Positive,0.151
2593,Negative,0.244
2594,Positive,0.121
2595,Positive,0.129
2596,Positive,0.124
2597,Negative,0.149
2598,Negative,0.252
2599,Negative,0.0
2600,Positive,0.279
2601,Negative,0.219
2602,Positive,0.416
2603,Positive,0.214
2604,Negative,0.304
2605,Positive,0.211
2606,Negative,0.141
2607,Positive,0.29
2608,Positive,0.242
2609,Negative,0.128
2610,Positive,0.524
2611,Negative,0.14
2612,Positive,0.146
2613,Positive,0.238
2614,Negative,0.273
2615,Negative,0.113
2616,Positive,0.305
2617,Positive,0.26
2618,Positive,0.156
2619,Positive,0.449
2620,Negative,0.345
2621,Negative,0.17
2622,Negative,0.0
2623,Positive,0.145
2624,Negative,0.087
2625,Negative,0.306
2626,Positive,0.15
2627,Positive,0.18
2628,Positive,0.264
2629,Negative,0.112
2630,Negative,0.0
2631,Negative,0.203
2632,Positive,0.179
2633,Negative,0.0
2634,Negative,0.108
2635,Positive,0.133
2636,Negative,0.289
2637,Negative,0.231
2638,Positive,0.116
2639,Positive,0.541
2640,Negative,0.15
2641,Negative,0.207
2642,Negative,0.18
2643,Positive,0.307
2644,Positive,0.114
2645,Negative,0.362
2646,Positive,0.221
2647,Positive,0.126
2648,Positive,0.176
2649,Negative,0.099
2650,Negative,0.345
2651,Positive,0.11
2652,Positive,0.262
2653,Positive,0.226
2654,Positive,0.213
2655,Positive,0.296
2656,Positive,0.237
2657,Positive,0.427
2658,Negative,0.185
2659,Negative,0.24
2660,Negative,0.0
2661,Negative,0.102
2662,Negative,0.279
2663,Negative,0.0
2664,Positive,0.237
2665,Positive,0.181
2666,Negative,0.271
2667,Positive,0.223
2668,Positive,0.28
2669,Negative,0.114
2670,Negative,0.0
2671,Negative,0.203
2672,Positive,0.514
2673,Negative,0.535
2674,Negative,0.0
2675,Positive,0.31
2676,Positive,0.268
2677,Negative,0.0
2678,Positive,0.33
2679,Positive,0.157
2680,Negative,0.5
2681,Negative,0.415
2682,Positive,0.263
2683,Positive,0.135
2684,Positive,0.31
2685,Positive,0.118
2686,Negative,0.706
2687,Positive,0.109
2688,Negative,0.216
2689,Negative,0.112
2690,Positive,0.506
2691,Positive,0.193
2692,Positive,0.25
2693,Negative,0.153
2694,Negative,0.095
2695,Negative,0.743
2696,Negative,0.242
2697,Negative,0.144
2698,Positive,0.64
2699,Positive,0.167
2700,Positive,0.143
2701,Positive,0.16
2702,Positive,0.135
2703,Positive,0.102
2704,Negative,0.286
2705,Positive,0.107
2706,Positive,0.5
2707,Positive,0.412
2708,Positive,0.217
2709,Positive,0.231
2710,Negative,0.0
2711,Negative,0.147
2712,Positive,0.11
2713,Negative,0.161
2714,Positive,0.222
2715,Positive,0.444
2716,Negative,0.449
2717,Positive,0.279
2718,Positive,0.592
2719,Negative,0.08
2720,Negative,0.14
2721,Positive,0.212
2722,Positive,0.085
2723,Negative,0.124
2724,Negative,0.114
2725,Negative,0.0
2726,Positive,0.189
2727,Positive,0.196
2728,Positive,0.266
2729,Positive,0.203
2730,Negative,0.072
2731,Negative,0.388
2732,Positive,0.262
2733,Positive,0.192
2734,Positive,0.225
2735,Positive,0.225
2736,Positive,0.204
2737,Negative,0.117
2738,Positive,0.236
2739,Positive,0.455
2740,Negative,0.455
2741,Positive,0.516
2742,Positive,0.159
2743,Negative,0.228
2744,Negative,0.187
2745,Negative,0.335
2746,Negative,0.159
2747,Negative,0.184
2748,Negative,0.096
2749,Positive,0.276
2750,Positive,0.231
2751,Positive,0.189
2752,Negative,0.0
2753,Negative,0.133
2754,Negative,0.221
2755,Positive,0.468
2756,Positive,0.08
2757,Positive,0.497
2758,Positive,0.385
2759,Positive,0.242
2760,Negative,0.102
2761,Negative,0.19
2762,Positive,0.146
2763,Negative,0.182
2764,Positive,0.13
2765,Positive,0.228
2766,Negative,0.194
2767,Positive,0.19
2768,Positive,0.145
2769,Negative,0.0
2770,Positive,0.274
2771,Positive,0.184
2772,Positive,0.145
2773,Negative,0.17
2774,Positive,0.238
2775,Positive,0.234
2776,Positive,0.182
2777,Positive,0.231
2778,Positive,0.444
2779,Negative,0.136
2780,Negative,0.107
2781,Negative,0.185
2782,Positive,0.143
2783,Positive,0.161
2784,Negative,0.137
2785,Positive,0.38
2786,Negative,0.186
2787,Negative,0.137
2788,Negative,0.167
2789,Positive,0.049
2790,Negative,0.505
2791,Negative,0.18
2792,Positive,0.167
2793,Positive,0.216
2794,Positive,0.292
2795,Positive,0.431
2796,Negative,0.094
2797,Positive,0.222
2798,Positive,0.226
2799,Positive,0.392
2800,Positive,0.397
2801,Positive,0.555
2802,Positive,0.217
2803,Positive,0.128
2804,Negative,0.128
2805,Positive,0.444
2806,Negative,0.291
2807,Positive,0.223
2808,Positive,0.189
2809,Positive,0.221
2810,Negative,0.238
2811,Positive,0.545
2812,Positive,0.38
2813,Positive,0.153
2814,Negative,0.0
2815,Negative,0.199
2816,Positive,0.169
2817,Negative,0.212
2818,Positive,0.167
2819,Negative,0.0
2820,Negative,0.0
2821,Negative,0.16
2822,Negative,0.426
2823,Negative,0.236
2824,Negative,0.263
2825,Positive,0.254
2826,Negative,0.394
2827,Positive,0.094
2828,Negative,0.0
2829,Negative,0.322
2830,Negative,0.0
2831,Negative,0.0
2832,Negative,0.097
2833,Positive,0.262
2834,Negative,0.172
2835,Negative,0.234
2836,Negative,0.313
2837,Positive,0.127
2838,Negative,0.071
2839,Negative,0.217
2840,Negative,0.377
2841,Negative,0.0
2842,Negative,0.141
2843,Negative,0.2
2844,Positive,0.331
2845,Negative,0.0
2846,Negative,0.0
2847,Positive,0.219
2848,Negative,0.297
2849,Negative,0.182
2850,Positive,0.351
2851,Negative,0.41
2852,Negative,0.311
2853,Positive,0.118
2854,Positive,0.35
2855,Negative,0.277
2856,Negative,0.212
2857,Positive,0.655
2858,Negative,0.248
2859,Positive,0.146
2860,Positive,0.158
2861,Positive,0.244
2862,Negative,0.0
2863,Positive,0.495
2864,Positive,0.426
2865,Positive,0.302
2866,Positive,0.283
2867,Negative,0.319
2868,Positive,0.259
2869,Positive,0.335
2870,Positive,0.506
2871,Positive,0.294
2872,Positive,0.348
2873,Negative,0.0
2874,Positive,0.27
2875,Negative,0.0
2876,Positive,0.196
2877,Positive,0.236
2878,Positive,0.204
2879,Negative,0.273
2880,Negative,0.0
2881,Negative,0.204
2882,Negative,0.512
2883,Negative,0.208
2884,Negative,0.0
2885,Positive,0.135
2886,Negative,0.0
2887,Positive,0.405
2888,Negative,0.437
2889,Negative,0.0
2890,Negative,0.078
2891,Positive,0.195
2892,Positive,0.227
2893,Positive,0.311
2894,Positive,0.223
2895,Negative,0.374
2896,Positive,0.224
2897,Negative,0.0
2898,Negative,0.23
2899,Positive,0.233
2900,Negative,0.23
2901,Positive,0.193
2902,Negative,0.0
2903,Negative,0.125
2904,Positive,0.787
2905,Negative,0.14
2906,Negative,0.374
2907,Positive,0.617
2908,Positive,0.403
2909,Negative,0.441
2910,Positive,0.163
2911,Negative,0.0
2912,Positive,0.489
2913,Negative,0.156
2914,Positive,0.222
2915,Negative,0.175
2916,Negative,0.0
2917,Negative,0.126
2918,Negative,0.0
2919,Negative,0.231
2920,Positive,0.365
2921,Positive,0.474
2922,Positive,0.231
2923,Positive,0.46
2924,Negative,0.0
2925,Positive,0.168
2926,Positive,0.203
2927,Positive,0.447
2928,Negative,0.0
2929,Positive,0.273
2930,Positive,0.187
2931,Positive,0.17
2932,Negative,0.0
2933,Positive,0.177
2934,Positive,0.233
2935,Positive,0.265
2936,Positive,0.255
2937,Positive,0.266
2938,Positive,0.403
2939,Positive,0.306
2940,Positive,0.225
2941,Positive,0.113
2942,Positive,0.441
2943,Negative,0.326
2944,Negative,0.0
2945,Positive,0.313
2946,Positive,0.149
2947,Positive,0.381
2948,Positive,0.202
2949,Negative,0.213
2950,Positive,0.51
2951,Positive,0.289
2952,Negative,0.0
2953,Negative,0.0
2954,Positive,0.362
2955,Positive,0.247
2956,Positive,0.541
2957,Positive,0.127
2958,Positive,0.209
2959,Positive,0.359
2960,Positive,0.286
2961,Positive,0.293
2962,Negative,0.362
2963,Positive,0.181
2964,Negative,0.242
2965,Positive,0.172
2966,Positive,0.283
2967,Positive,0.441
2968,Negative,0.169
2969,Negative,0.239
2970,Positive,0.326
2971,Positive,0.127
2972,Negative,0.119
2973,Positive,0.336
2974,Negative,0.288
2975,Negative,0.144
2976,Positive,0.188
2977,Positive,0.436
2978,Positive,0.113
2979,Negative,0.196
2980,Positive,0.172
2981,Negative,0.0
2982,Positive,0.301
2983,Positive,0.177
2984,Positive,0.648
2985,Positive,0.211
2986,Positive,0.224
2987,Negative,0.262
2988,Positive,0.209
2989,Positive,0.2
2990,Positive,0.103
2991,Negative,0.0
2992,Positive,0.492
2993,Negative,0.0
2994,Positive,0.361
2995,Negative,0.163
2996,Negative,0.167
2997,Positive,0.331
2998,Negative,0.136
2999,Negative,0.191
3000,Negative,0.279
3001,Negative,0.0
3002,Positive,0.13
3003,Positive,0.257
3004,Positive,0.452
3005,Positive,0.333
3006,Positive,0.476
3007,Negative,0.302
3008,Negative,0.241
3009,Positive,0.283
3010,Positive,0.149
3011,Negative,0.0
3012,Positive,0.105
3013,Negative,0.0
3014,Positive,0.246
3015,Positive,0.401
3016,Positive,0.366
3017,Negative,0.183
3018,Positive,0.333
3019,Positive,0.314
3020,Positive,0.279
3021,Positive,0.411
3022,Positive,0.113
3023,Positive,0.161
3024,Positive,0.252
3025,Positive,0.285
3026,Negative,0.0
3027,Negative,0.0
3028,Positive,0.765
3029,Positive,0.294
3030,Positive,0.305
3031,Positive,0.19
3032,Positive,0.225
3033,Positive,0.487
3034,Positive,0.203
3035,Negative,0.117
3036,Positive,0.355
3037,Positive,0.124
3038,Positive,0.084
3039,Negative,0.0
3040,Negative,0.19
3041,Positive,0.648
3042,Positive,0.198
3043,Positive,0.181
3044,Negative,0.0
3045,Positive,0.247
3046,Positive,0.375
3047,Positive,0.33
3048,Negative,0.116
3049,Negative,0.146
3050,Negative,0.346
3051,Negative,0.194
3052,Negative,0.164
3053,Negative,0.0
3054,Positive,0.386
3055,Positive,0.421
3056,Negative,0.312
3057,Negative,0.08
3058,Positive,0.084
3059,Positive,0.209
3060,Negative,0.109
3061,Positive,0.423
3062,Positive,0.287
3063,Negative,0.122
3064,Positive,0.317
3065,Negative,0.208
3066,Negative,0.0
3067,Negative,0.227
3068,Negative,0.425
3069,Negative,0.238
3070,Negative,0.31
3071,Positive,0.463
3072,Positive,0.209
3073,Negative,0.429
3074,Negative,0.0
3075,Positive,0.203
3076,Positive,0.265
3077,Positive,0.104
3078,Negative,0.259
3079,Positive,0.449
3080,Positive,0.256
3081,Positive,0.212
3082,Positive,0.248
3083,Positive,0.465
3084,Negative,0.141
3085,Positive,0.28
3086,Negative,0.211
3087,Positive,0.185
3088,Positive,0.273
3089,Positive,0.142
3090,Positive,0.448
3091,Positive,0.279
3092,Negative,0.381
3093,Negative,0.186
3094,Positive,0.335
3095,Negative,0.139
3096,Positive,0.38
3097,Positive,0.19
3098,Negative,0.0
3099,Positive,0.184
3100,Positive,0.237
3101,Negative,0.0
3102,Positive,0.375
3103,Negative,0.0
3104,Positive,0.164
3105,Negative,0.0
3106,Negative,0.0
3107,Positive,0.097
3108,Negative,0.0
3109,Negative,0.333
3110,Negative,0.42
3111,Positive,0.464
3112,Positive,0.525
3113,Negative,0.405
3114,Positive,0.238
3115,Negative,0.0
3116,Positive,0.163
3117,Positive,0.241
3118,Positive,0.565
3119,Positive,0.083
3120,Negative,0.259
3121,Negative,0.0
3122,Negative,0.198
3123,Negative,0.256
3124,Positive,0.493
3125,Positive,0.261
3126,Negative,0.0
3127,Positive,0.359
3128,Positive,0.186
3129,Positive,0.182
3130,Negative,0.087
3131,Negative,0.049
3132,Positive,0.537
3133,Negative,0.261
3134,Positive,0.186
3135,Positive,0.412
3136,Positive,0.36
3137,Positive,0.303
3138,Positive,0.308
3139,Positive,0.211
3140,Positive,0.303
3141,Positive,0.203
3142,Negative,0.054
3143,Negative,0.117
3144,Positive,0.38
3145,Negative,0.157
3146,Negative,0.097
3147,Negative,0.154
3148,Negative,0.0
3149,Negative,0.28
3150,Negative,0.213
3151,Negative,0.151
3152,Positive,0.132
3153,Negative,0.196
3154,Negative,0.0
3155,Positive,0.344
3156,Positive,0.172
3157,Negative,0.343
3158,Positive,0.438
3159,Negative,0.0
3160,Positive,0.121
3161,Positive,0.497
3162,Positive,0.467
3163,Negative,0.214
3164,Positive,0.347
3165,Negative,0.297
3166,Negative,0.0
3167,Positive,0.126
3168,Negative,0.303
3169,Positive,0.074
3170,Positive,0.207
3171,Positive,0.094
3172,Negative,0.08
3173,Positive,0.219
3174,Positive,0.273
3175,Negative,0.0
3176,Positive,0.181
3177,Negative,0.0
3178,Negative,0.168
3179,Negative,0.188
3180,Negative,0.0
3181,Positive,0.141
3182,Negative,0.202
3183,Positive,0.16
3184,Positive,0.365
3185,Positive,0.606
3186,Positive,0.354
3187,Negative,0.13
3188,Positive,0.315
3189,Negative,0.0
3190,Negative,0.0
3191,Positive,0.225
3192,Positive,0.33
3193,Positive,0.346
3194,Negative,0.0
3195,Negative,0.214
3196,Positive,0.454
3197,Negative,0.2
3198,Positive,0.235
3199,Positive,0.407
3200,Positive,0.399
3201,Positive,0.407
3202,Negative,0.223
3203,Negative,0.0
3204,Positive,0.355
3205,Negative,0.209
3206,Positive,0.372
3207,Negative,0.0
3208,Negative,0.228
3209,Positive,0.374
3210,Positive,0.365
3211,Positive,0.197
3212,Negative,0.097
3213,Positive,0.137
3214,Negative,0.155
3215,Positive,0.372
3216,Positive,0.241
3217,Positive,0.39
3218,Positive,0.464
3219,Negative,0.0
3220,Positive,0.382
3221,Negative,0.0
3222,Negative,0.162
3223,Positive,0.288
3224,Negative,0.444
3225,Positive,0.131
3226,Negative,0.233
3227,Negative,0.0
3228,Positive,0.39
3229,Negative,0.429
3230,Positive,0.574
3231,Negative,0.0
3232,Positive,0.265
3233,Positive,0.421
3234,Positive,0.214
3235,Positive,0.084
3236,Positive,0.699
3237,Negative,0.143
3238,Positive,0.436
3239,Positive,0.137
3240,Positive,0.431
3241,Negative,0.0
3242,Negative,0.0
3243,Negative,0.214
3244,Positive,0.083
3245,Positive,0.363
3246,Positive,0.31
3247,Negative,0.27
3248,Positive,0.143
3249,Positive,0.504
3250,Positive,0.268
3251,Positive,0.512
3252,Negative,0.515
3253,Negative,0.0
3254,Negative,0.0
3255,Positive,0.345
3256,Positive,0.367
3257,Positive,0.212
3258,Positive,0.348
3259,Positive,0.192
3260,Positive,0.299
3261,Positive,0.382
3262,Positive,0.265
3263,Negative,0.0
3264,Positive,0.158
3265,Negative,0.398
3266,Positive,0.116
3267,Positive,0.084
3268,Negative,0.0
3269,Negative,0.19
3270,Negative,0.269
3271,Positive,0.31
3272,Negative,0.133
3273,Negative,0.454
3274,Positive,0.418
3275,Negative,0.0
3276,Positive,0.252
3277,Positive,0.23
3278,Positive,0.233
3279,Positive,0.172
3280,Negative,0.13
3281,Positive,0.363
3282,Negative,0.241
3283,Positive,0.116
3284,Negative,0.186
3285,Positive,0.214
3286,Negative,0.295
3287,Positive,0.209
3288,Positive,0.361
3289,Negative,0.0
3290,Negative,0.24
3291,Positive,0.466
3292,Positive,0.363
3293,Positive,0.368
3294,Negative,0.255
3295,Negative,0.0
3296,Negative,0.0
3297,Positive,0.193
3298,Positive,0.315
3299,Positive,0.273
3300,Positive,0.337
3301,Negative,0.0
3302,Negative,0.255
3303,Negative,0.0
3304,Negative,0.0
3305,Positive,0.193
3306,Positive,0.204
3307,Positive,0.139
3308,Negative,0.142
3309,Positive,0.385
3310,Positive,0.335
3311,Positive,0.502
3312,Negative,0.0
3313,Negative,0.076
3314,Positive,0.458
3315,Positive,0.224
3316,Positive,0.207
3317,Positive,0.078
3318,Positive,0.152
3319,Positive,0.178
3320,Negative,0.157
3321,Negative,0.255
3322,Positive,0.144
3323,Positive,0.307
3324,Negative,0.119
3325,Positive,0.163
3326,Positive,0.272
3327,Negative,0.35
3328,Positive,0.242
3329,Negative,0.181
3330,Negative,0.0
3331,Negative,0.6
3332,Negative,0.0
3333,Negative,0.195
3334,Negative,0.073
3335,Positive,0.184
3336,Positive,0.511
3337,Negative,0.19
3338,Positive,0.202
3339,Negative,0.55
3340,Positive,0.14
3341,Positive,0.132
3342,Positive,0.25
3343,Positive,0.369
3344,Positive,0.469
3345,Positive,0.258
3346,Negative,0.0
3347,Negative,0.0
3348,Negative,0.0
3349,Negative,0.155
3350,Positive,0.137
3351,Negative,0.322
3352,Positive,0.183
3353,Positive,0.429
3354,Negative,0.0
3355,Negative,0.224
3356,Positive,0.364
3357,Negative,0.09
3358,Negative,0.188
3359,Negative,0.0
3360,Positive,0.545
3361,Negative,0.279
3362,Positive,0.538
3363,Positive,0.808
3364,Positive,0.306
3365,Positive,0.596
3366,Negative,0.0
3367,Negative,0.0
3368,Positive,0.447
3369,Negative,0.136
3370,Positive,0.215
3371,Negative,0.0
3372,Negative,0.115
3373,Positive,0.901
3374,Negative,0.0
3375,Negative,0.0
3376,Negative,0.23
3377,Positive,0.168
3378,Positive,0.101
3379,Negative,0.0
3380,Positive,0.269
3381,Positive,0.486
3382,Positive,0.151
3383,Negative,0.0
3384,Negative,0.287
3385,Positive,0.256
3386,Negative,0.0
3387,Negative,0.0
3388,Negative,0.106
3389,Negative,0.0
3390,Negative,0.0
3391,Positive,0.349
3392,Negative,0.0
3393,Negative,0.223
3394,Positive,0.497
3395,Negative,0.205
3396,Positive,0.349
3397,Positive,0.149
3398,Negative,0.0
3399,Positive,0.492
3400,Negative,0.205
3401,Positive,0.349
3402,Positive,0.149
3403,Negative,0.0
3404,Positive,0.492
3405,Positive,0.331
3406,Positive,0.276
3407,Positive,0.103
3408,Positive,0.357
3409,Negative,0.097
3410,Negative,0.051
3411,Positive,0.253
3412,Positive,0.362
3413,Negative,0.166
3414,Positive,0.381
3415,Negative,0.18
3416,Negative,0.064
3417,Negative,0.0
3418,Negative,0.102
3419,Negative,0.225
3420,Negative,0.0
3421,Positive,0.604
3422,Positive,0.351
3423,Positive,0.438
3424,Positive,0.354
3425,Positive,0.203
3426,Positive,0.288
3427,Positive,0.39
3428,Negative,0.0
3429,Negative,0.0
3430,Positive,0.288
3431,Positive,0.394
3432,Negative,0.306
3433,Negative,0.249
3434,Positive,0.3
3435,Negative,0.289
3436,Positive,0.375
3437,Negative,0.0
3438,Positive,0.196
3439,Positive,0.364
3440,Negative,0.0
3441,Positive,0.333
3442,Positive,0.273
3443,Positive,0.231
3444,Positive,0.767
3445,Positive,0.348
3446,Positive,0.244
3447,Positive,0.097
3448,Negative,0.165
3449,Negative,0.5
3450,Positive,0.264
3451,Positive,0.314
3452,Negative,0.382
3453,Negative,0.0
3454,Negative,0.0
3455,Positive,0.38
3456,Negative,0.286
3457,Positive,0.328
3458,Positive,0.228
3459,Positive,0.199
3460,Positive,0.252
3461,Negative,0.148
3462,Negative,0.0
3463,Negative,0.0
3464,Positive,0.149
3465,Negative,0.125
3466,Negative,0.326
3467,Negative,0.226
3468,Positive,0.231
3469,Negative,0.0
3470,Positive,0.183
3471,Positive,0.227
3472,Negative,0.236
3473,Positive,0.257
3474,Negative,0.0
3475,Positive,0.128
3476,Positive,0.762
3477,Positive,0.444
3478,Positive,0.125
3479,Negative,0.0
3480,Positive,0.344
3481,Negative,0.33
3482,Positive,0.317
3483,Positive,0.415
3484,Positive,0.509
3485,Negative,0.26
3486,Negative,0.286
3487,Positive,0.309
3488,Negative,0.171
3489,Positive,0.259
3490,Positive,0.318
3491,Positive,0.138
3492,Positive,0.313
3493,Negative,0.0
3494,Positive,0.353
3495,Positive,0.219
3496,Positive,0.258
3497,Positive,0.235
3498,Positive,0.444
3499,Positive,0.175
3500,Negative,0.083
3501,Positive,0.375
3502,Positive,0.282
3503,Positive,0.419
3504,Positive,0.242
3505,Positive,0.148
3506,Positive,0.43
3507,Negative,0.0
3508,Positive,0.583
3509,Positive,0.351
3510,Negative,0.0
3511,Negative,0.258
3512,Positive,0.244
3513,Positive,0.24
3514,Positive,0.215
3515,Positive,0.46
3516,Positive,0.533
3517,Negative,0.347
3518,Negative,0.231
3519,Negative,0.0
3520,Positive,0.177
3521,Negative,0.275
3522,Negative,0.227
3523,Positive,0.324
3524,Negative,0.0
3525,Positive,0.322
3526,Negative,0.0
3527,Positive,0.228
3528,Positive,0.247
3529,Positive,0.261
3530,Positive,0.492
3531,Negative,0.321
3532,Positive,0.155
3533,Negative,0.335
3534,Negative,0.214
3535,Positive,0.558
3536,Negative,0.151
3537,Positive,0.262
3538,Positive,0.335
3539,Negative,0.173
3540,Negative,0.158
3541,Positive,0.113
3542,Negative,0.0
3543,Positive,0.259
3544,Positive,0.41
3545,Positive,0.571
3546,Negative,0.0
3547,Negative,0.261
3548,Positive,0.344
3549,Negative,0.337
3550,Positive,0.184
3551,Positive,0.547
3552,Negative,0.108
3553,Negative,0.0
3554,Positive,0.372
3555,Positive,0.19
3556,Negative,0.141
3557,Positive,0.234
3558,Negative,0.326
3559,Negative,0.118
3560,Negative,0.137
3561,Positive,0.474
3562,Positive,0.206
3563,Positive,0.459
3564,Negative,0.192
3565,Negative,0.0
3566,Positive,0.268
3567,Positive,0.416
3568,Positive,0.421
3569,Negative,0.0
3570,Negative,0.0
3571,Positive,0.248
3572,Positive,0.276
3573,Negative,0.197
3574,Positive,0.425
3575,Positive,0.104
3576,Positive,0.26
3577,Positive,0.296
3578,Positive,0.176
3579,Positive,0.149
3580,Positive,0.268
3581,Positive,0.271
3582,Positive,0.253
3583,Positive,0.123
3584,Negative,0.0
3585,Positive,0.384
3586,Positive,0.122
3587,Negative,0.246
3588,Negative,0.0
3589,Negative,0.319
3590,Positive,0.121
3591,Positive,0.268
3592,Negative,0.277
3593,Negative,0.425
3594,Negative,0.0
3595,Positive,0.252
3596,Negative,0.0
3597,Negative,0.253
3598,Positive,0.485
3599,Positive,0.156
3600,Positive,0.132
3601,Negative,0.115
3602,Negative,0.255
3603,Positive,0.324
3604,Positive,0.761
3605,Negative,0.157
3606,Negative,0.228
3607,Positive,0.254
3608,Positive,0.741
3609,Negative,0.434
3610,Positive,0.289
3611,Negative,0.065
3612,Positive,0.639
3613,Positive,0.376
3614,Positive,0.355
3615,Negative,0.0
3616,Negative,0.0
3617,Positive,0.474
3618,Positive,0.35
3619,Negative,0.0
3620,Negative,0.0
3621,Negative,0.22
3622,Negative,0.322
3623,Negative,0.451
3624,Positive,0.076
3625,Negative,0.091
3626,Positive,0.212
3627,Positive,0.208
3628,Positive,0.455
3629,Negative,0.0
3630,Negative,0.0
3631,Positive,0.26
3632,Negative,0.202
3633,Negative,0.119
3634,Positive,0.435
3635,Positive,0.597
3636,Positive,0.569
3637,Negative,0.35
3638,Negative,0.117
3639,Positive,0.403
3640,Positive,0.149
3641,Negative,0.102
3642,Positive,0.233
3643,Positive,0.414
3644,Positive,0.254
3645,Positive,0.533
3646,Negative,0.0
3647,Positive,0.106
3648,Negative,0.0
3649,Negative,0.101
